,name,overview,serviceFocus,industryFocus,education,barAdmissions,courtAdmissions,recognitions,affiliations
0,Julia W. Clark,"Julia Clark represents employers in workplace law disputes – including defending against claims of harassment, discrimination, and retaliation – and helps them comply with a wide range of federal and state employment laws and agency regulations. She also assists in developing employee handbooks, policies, and procedures. With a decade of experience practicing employment law in the Philadelphia market, Julia has been on both sides of the table, having previously served as lead plaintiffs’ counsel in numerous employment discrimination and wage and hour matters in Pennsylvania and New Jersey federal and state courts, as well as before the EEOC and PHRC. She has tried numerous cases to verdict in both jury and non-jury trials and her comprehensive perspective lends valuable insight into case strategies and tactics, from discovery through trials and appeals. Julia graduated cum laude from the Earle Mack School of Law at Drexel University, where she was a Dean’s Scholarship recipient and taught constitutional law classes in Philadelphia public high schools and, as a teaching fellow for the Marshall Brennan Constitutional Literacy Project, coached students to compete in city-wide and national moot court competitions. After law school, Julia completed a year-long internship with the Delaware County District Attorney’s Office before starting her employment law practice.","['Counseling and Advice', 'Employment Discrimination and Harassment', 'Litigation and Trials']",['Financial Services'],"['J.D., 2011, cum laude, Drexel University, Thomas R. Kline School of Law', 'B.S., 2007, cum laude, Tulane University']","['New Jersey', 'Pennsylvania']","['U.S. Court of Appeals for the Third Circuit', 'U.S. District Court for the District of New Jersey', 'U.S. District Court for the Eastern District of Pennsylvania', 'U.S. District Court for the Middle District of Pennsylvania', 'U.S. District Court for the Western District of Pennsylvania']",['null'],['null']
1,Megan F. Clark,"Megan Clark is an associate in Fisher Phillips’ San Francisco office. A significant portion of her practice is devoted to providing clients with day-to-day counseling and preventive advice regarding hiring, discipline, leaves of absence, workplace investigations, personnel policies and termination. Megan also frequently advises employers on best practices for reductions in force and compliance with the federal and California Worker Adjustment and Retraining Notification (WARN) Act. Megan also represents employers in litigation involving claims of discrimination, retaliation, harassment, wage and hour law violations, failure to provide reasonable accommodation, federal and state leave of absence law violations, and wrongful termination. She has extensive experience handling all aspects of litigation, from discovery and depositions through dispositive motions, settlement negotiations and trial preparation. Megan also regularly represents clients against charges filed with the Equal Employment Opportunity Commission (EEOC) and California’s Department of Fair Employment and Housing (DFEH). From 2019-2023, Megan has been selected as a Super Lawyers Rising Star – an honor awarded to no more than 2.5 percent of the lawyers in California.","['Counseling and Advice', 'Employment Discrimination and Harassment', 'Employee Leaves and Accommodations', 'Litigation and Trials', 'Reductions in Force (RIFs)']",['Financial Services'],"['J.D., 2014, University of California, Hastings College of the Law', 'B.A., 2011, summa cum laude, University of California, Santa Barbara']",['California'],"['U.S. Court of Appeals for the Third Circuit', 'U.S. District Court for the District of New Jersey', 'U.S. District Court for the Eastern District of Pennsylvania', 'U.S. District Court for the Middle District of Pennsylvania', 'U.S. District Court for the Western District of Pennsylvania']",['Super Lawyers Rising Star (2019-2023)'],['null']
2,Jerry Paul Cline,"Jerry Cline is Of Counsel in the firm's Cleveland office. He defends employers in both Ohio and federal courts in cases involving employment disputes under Title VII, Age Discrimination in Employment Act (ADEA), Americans with Disabilities (ADA) and  Office of Clients' Rights Advocacy (OCRA) discrimination, Fair Labor Standards Act (FLSA), Family and Medical Leave Act (FMLA), Health Insurance Portability and Accountability Act (HIPAA), Occupational Safety and Health Administration (OSHA) and Ohio workers’ compensation laws. In addition, Jerry has extensive experience defending employers at the administrative level, and has practiced before the Ohio Civil Rights Commission (OCRC), Equal Employment Opportunity Commission (EEOC), Ohio Department of Job and Family Services (ODJFS), Ohio Bureau of Workers' Compensation (BWC), the Industrial Commission of Ohio, Occupational Safety and Health Administration (OSHA) and the National Labor Relations Board (NLRB). Jerry is often called on by Human Resource departments when faced with a broad range of issues, including employment discrimination, harassment, retaliation, whistleblower actions, prevailing wage disputes, NLRB charges, unemployment issues, and workers’ compensation retaliation claims. His extensive experience and ability to understand unique and complex businesses allows him to create effective employment contracts and handbooks to protect the rights of business owners through northeast Ohio.","['Litigation and Trials', ""Workers' Compensation and Unemployment Cost Management"", 'Workplace Safety and Catastrophe Management']",['Financial Services'],"['J.D., 2002, Capital University Law School', 'B.A., 1993, Rutgers University']",['Ohio'],"['Ohio Supreme Court', 'U.S. Court of Appeals for the Sixth Circuit', 'U.S. District Court for the Northern District of Ohio']","['Member, American Bar Association', 'Member, Ohio State Bar Association', 'Member, Cleveland Metropolitan Bar Association', 'Vice President & Board of Trustees, North Coast Chamber of Commerce', 'Board Representative, Power of More Westside Chambers of Commerce', 'Member, SME Cleveland', 'Board of Trustees, Hunt Club Homeowners’ Association, Avon Lake, OH', 'Member, Saint Joseph Catholic Church, Avon Lake, OH', 'Member, Cleveland Donauschwaben, Olmsted Falls, OH']",['null']
3,Sheyron B. Cobb,"Shéy Cobb represents businesses in all phases of employment-related litigation and mediation. Before joining Fisher Phillips, Shéy practiced civil litigation in Los Angeles, where she defended insurers and other businesses in negligence, tort, and professional liability suits and government agencies in employment actions. She also has experience in securities, credit card industry antitrust litigation, and contract disputes. A graduate of Washington University in St. Louis School of Law, Shéy was accepted into the prestigious New York Regulatory and Business Externship program through which she worked as a student attorney in the Business and Legal Affairs Department of an American multinational music company.",['Litigation and Trials'],['Financial Services'],"['J.D., 2018, Washington University in St. Louis School of Law', 'B.A., 2013, University of California, San Diego']",['California'],"['Ohio Supreme Court', 'U.S. Court of Appeals for the Sixth Circuit', 'U.S. District Court for the Northern District of Ohio']","['National Association of Minority and Women Owned Law Firms (NAMWOLF), Member', 'Black Women Lawyer’s Association of Los Angeles, Member', 'Langston Bar Association, Member']",['null']
4,Brandy Cody,"Brandy Cody is a partner and handles litigation throughout California and Oregon. She has extensive experience in defending both single plaintiff and complex class action wage and hour cases and a successful track record in defending joint employment and misclassification claims Brandy also represents employers in all aspects of traditional employment law and litigation, including wrongful termination, harassment, retaliation, discrimination, contract disputes. She has successfully tried bench and jury trials including workplace issues of all types. Brandy also regularly provides advice, counseling and training to employers on various workplace matters, including family and medical leave, paid sick leave, discipline, termination, wage and hour compliance and the implementation and use of compliant personnel policies and procedures in an ever-evolving workplace environment. Prior to joining Fisher Phillips Brandy was a partner at a niche California labor and employment law firm.","['Litigation and Trials', 'Wage and Hour', 'Employment Discrimination and Harassment', 'Counseling and Advice']","['Gig Economy', 'Healthcare', 'Supply Chain', 'Transportation and Supply Chain']","['J.D., 2018, Washington University in St. Louis School of Law', 'B.A., 2013, University of California, San Diego']",['California'],"['Ohio Supreme Court', 'U.S. Court of Appeals for the Sixth Circuit', 'U.S. District Court for the Northern District of Ohio']","['Obtained a defense verdict and zero damages for a Fortune 50 company on a complex multi-party wage and hour action alleging joint employment liability.', 'Successfully defeated class certification various wage and hour\xa0class action cases in\xa0a variety\xa0an\xa0assortment\xa0of industries including retail, health care, quick service and hospitality businesses.', 'Obtained summary judgment in favor of an employer in a hotly contested sexual harassment case, resulting in a\xa0six-figure\xa0fee award in favor of the employer.', 'Obtained a complete defense verdict in favor of an employer in a retaliation/race discrimination case.', 'Obtained a rarely granted summary judgment in sensitive case for a high profile non-profit entity involving allegations of sexual abuse by a former employee.']","['J.D., 1998, University of San Diego School of Law', 'B.A., 1995, University of California, San Diego', 'California', 'Oregon', 'U.S. District Court for the Eastern District of California', 'U.S. District Court for the Northern District of California', 'U.S. District Court for the Southern District of California']"
5,J. Randall Coffey,"Randy Coffey is a partner in the firm's Kansas City office. He devotes his practice to the representation of management in labor and employment matters, defending employers in state and federal courts throughout the United States. Randy has litigated numerous multi-plaintiff and class-action cases alleging discrimination and wage and hour violations, as well as cases brought by individual plaintiffs. He has tried over 30 cases. Randy also provides representation before state and federal administrative agencies, including the Equal Employment Opportunity Commission (EEOC), the National Labor Relations Board (NLRB), and the Occupational Safety and Health Administration (OSHA). His experience also includes traditional labor representation, such as labor arbitrations, NLRB proceedings, and union avoidance efforts. He routinely consults with and counsels clients concerning employment-related matters ranging from application of the Family and Medical Leave Act (FMLA) to the discharge of employees. After graduating from law school, Randy served as a Law Clerk to the Honorable Pasco M. Bowman on the United States Court of Appeals for the Eighth Circuit. He is ""AV"" Peer Review Rated by Martindale-Hubbell, he is listed in Chambers USA, America's Leading Business Lawyers and in The Best Lawyers in America, including being named as Lawyer of the Year for Labor and Employment Litigation in 2016 and 2018. In 2010 Randy was inducted as a Fellow into The College of Labor and Employment Lawyers. Election as a Fellow is the highest recognition by an attorney's colleagues of sustained outstanding performance in the profession, exemplifying integrity, dedication, and excellence.  Randy previously served as the Management Chair of the American Bar Association’s Equal Employment Opportunity Committee, and currently serves as a Council Member for the ABA's Labor and Employment Law Section. He also is a member of the Advisory Board for the American Employment Law Council.","['Class and Collective Actions', 'Counseling and Advice', 'Data Security and Workplace Privacy', 'Employment Discrimination and Harassment', 'Litigation and Trials', 'Wage and Hour', 'Workplace Safety and Catastrophe Management']",['Aviation'],"['J.D., 1985, magna cum laude, Order of the Coif, Washington & Lee University School of Law', 'B.A., 1982, cum laude, Vanderbilt University']","['Kansas', 'Missouri']","['U.S. Court of Appeals for the Eighth Circuit', 'U.S. Court of Appeals for the Eleventh Circuit', 'U.S. Court of Appeals for the Fifth Circuit', 'U.S. Court of Appeals for the Fourth Circuit', 'U.S. Court of Appeals for the Seventh Circuit', 'U.S. Court of Appeals for the Tenth Circuit', 'U.S. District Court for the District of Kansas', 'U.S. District Court for the District of Nebraska', 'U.S. District Court for the Eastern District of Missouri', 'U.S. District Court for the Eastern District of Oklahoma', 'U.S. District Court for the Northern District of Oklahoma', 'U.S. District Court for the Southern District of Indiana', 'U.S. District Court for the Western District of Missouri', 'U.S. District Court for the Western District of Oklahoma', 'U.S. Supreme Court']","['Recognized in The Best Lawyers in America (2013 – 2024)', 'Chambers USA, Labor & Employment (2015 – 2023)', 'Named, Best Lawyers ""Lawyer of the Year"", Litigation - Labor and Employment (2021)', 'Selected for\xa0Missouri and Kansas Super Lawyers\xa0']",[]
6,Tillman Y. Coffey,"Tillman Coffey is a partner in the firm's Atlanta office. He joined the legal profession with 15 years of real world experience working in jobs ranging from supervisor in a lead smelter blast furnace to working as a cloth spreader in a garment factory. This experience has been an invaluable tool in understanding employees, workplace issues, and in providing practical advice. Tillman's practice focuses on the defense of employment discrimination complaints in court and before the Equal Employment Opportunity Commission (EEOC) and various state commissions. Tillman also advises clients on the preventive measures they can take to minimize liability. In addition, Tillman provides training to management and speaks to groups and associations on many labor and employment law topics, including effective hiring, discipline and discharge, disability law, sexual harassment, wage and hour law, and family and medical leave.","['Employee Defection and Trade Secrets', 'Employment Discrimination and Harassment', 'Wage and Hour', 'Counseling and Advice']",['Automotive Dealership'],"['J.D., 1992, cum laude, University of Tennessee College of Law', 'B.S., 1989, summa cum laude, Middle Tennessee State University']",['Georgia'],"['U.S. Court of Appeals for the Eighth Circuit', 'U.S. Court of Appeals for the Eleventh Circuit', 'U.S. Court of Appeals for the Fifth Circuit', 'U.S. Court of Appeals for the Fourth Circuit', 'U.S. Court of Appeals for the Seventh Circuit', 'U.S. Court of Appeals for the Tenth Circuit', 'U.S. District Court for the District of Kansas', 'U.S. District Court for the District of Nebraska', 'U.S. District Court for the Eastern District of Missouri', 'U.S. District Court for the Eastern District of Oklahoma', 'U.S. District Court for the Northern District of Oklahoma', 'U.S. District Court for the Southern District of Indiana', 'U.S. District Court for the Western District of Missouri', 'U.S. District Court for the Western District of Oklahoma', 'U.S. Supreme Court']","['Chambers USA, Labor & Employment (2022)']",['null']
7,Kendall Cole,"Kendall Cole defends employers in a variety of employment issues, including wage and hour, discrimination, harassment, and retaliation claims. While in law school, Kendall interned at her school’s Appellate Clinic, where she litigated a case in the U.S. Court of Appeals for the Ninth Circuit and participated in oral argument before a panel of Ninth Circuit Judges, resulting in a favorable outcome for her client. Kendall also served as an Editor for the San Diego International Law Journal and judicial extern for the Honorable Judge Thomas Delaney. Prior to joining Fisher Phillips, Kendall obtained valuable legal experience working at a midsized insurance defense firm. Kendall joined Fisher Phillips as an associate after working as a summer associate here in 2021.",['Litigation and Trials'],['Automotive Dealership'],"['J.D., 2022, University of San Diego School of Law', 'B.A., 2019, Brandman University, Chapman University System']",['California'],"['U.S. Court of Appeals for the Eighth Circuit', 'U.S. Court of Appeals for the Eleventh Circuit', 'U.S. Court of Appeals for the Fifth Circuit', 'U.S. Court of Appeals for the Fourth Circuit', 'U.S. Court of Appeals for the Seventh Circuit', 'U.S. Court of Appeals for the Tenth Circuit', 'U.S. District Court for the District of Kansas', 'U.S. District Court for the District of Nebraska', 'U.S. District Court for the Eastern District of Missouri', 'U.S. District Court for the Eastern District of Oklahoma', 'U.S. District Court for the Northern District of Oklahoma', 'U.S. District Court for the Southern District of Indiana', 'U.S. District Court for the Western District of Missouri', 'U.S. District Court for the Western District of Oklahoma', 'U.S. Supreme Court']","['Honors, University of San Diego School of Law Appellate Clinic']",['null']
8,Patrick J. Collopy,"Patrick Collopy represents businesses in workplace-related disputes and counsels on all aspects of their employment relationship.  He regularly advises private and public-sector employers on a variety of matters, including employment policies, wage and hour claims, discrimination, harassment, wrongful termination, and other employment-related matters.  As a member of the firm’s Labor Relations Group, Patrick represents employers in labor matters relating to union organizing, unfair labor practices, collective bargaining, and grievance arbitrations. Patrick has significant experience litigating on behalf of national and international employers, municipalities, and regional and local businesses, in state and federal courts across the country, as well as before administrative agencies. As a Certified Information Privacy Professional, he works with colleagues in the Firm’s Data Security and Privacy practice to help employers with cybersecurity breaches and privacy litigation, privacy compliance issues, and developing cybersecurity policies and protocols.  Before joining Fisher Phillips, Patrick practiced employment law in New York City with an emphasis on class and collective actions.  Patrick earned his bachelor’s degree from Fordham University and his law degree from Brooklyn Law School. ","['Counseling and Advice', 'Data Security and Workplace Privacy', 'Labor Relations', 'Litigation and Trials']",['Automotive Dealership'],"['J.D., 2016, Brooklyn Law School', 'B.A., 2009, Fordham University']","['Colorado', 'District of Columbia', 'New York']","['U.S. District Court for the District of Colorado', 'U.S. District Court for the Southern District of New York', 'U.S. District Court for the Eastern District of New York']","['“Rising Star,” Employment & Labor Law, New York Metro Super Lawyers (2021)']","['International Association of Privacy Professionals', 'American Bar Association, Forum on the Entertainment and Sports Industry']"
9,Theresa M. Connolly,"Theresa M. Connolly is the co-managing partner of the Washington, D.C. Metro offices, where her litigation practice focuses on advising and counseling employers in all employment matters and defending employers in all aspects of workplace litigation including complex trade secret misappropriation cases. She has significant experience representing employers in regards to discrimination claims, harassment, contractor issues, wage and overtime claims, wrongful discharge, contracts, tort actions and injunction proceedings involving non-compete agreements and trade secret misappropriation. Theresa counsels clients in a wide range of labor and employment matters, including the negotiation of employment contracts, drafting and enforcing restrictive covenants, developing personnel policies and practices, workplace restructuring, workplace investigations, litigation avoidance, and compliance with employment-related statutes and programs such as the Age Discrimination in Employment Act (ADEA), the Americans with Disabilities Act (ADA), the Family and Medical Leave Act (FMLA), the Fair Labor Standards Act (FLSA), the Worker Adjustment and Retraining Notification Act (WARN), Title VII of the Civil Rights Act of 1964, and Executive Order 11246. In addition to employment litigation and counseling, Theresa handles traditional labor relations matters such as unfair labor practices, union elections, union arbitration and related proceedings before the National Labor Relations Board. She also provides training sessions for clients to educate managers on the best employment practices in order to manage legal issues.","['Consumer Privacy Team', 'Employee Defection and Trade Secrets', 'Employment Discrimination and Harassment', 'Wage and Hour']",['Automotive Dealership'],"['J.D., 1990, Fordham University School of Law', 'B.S., 1987, Cornell University School of Industrial and Labor Relations']","['District of Columbia', 'Maryland', 'New York', 'Virginia']","['U.S. Court of Appeals for the First Circuit', 'U.S. Court of Appeals for the Fourth Circuit', 'U.S. District Court for the District of Columbia', 'U.S. District Court for the District of Maryland', 'U.S. District Court for the Eastern District of Michigan', 'U.S. District Court for the Eastern District of New York', 'U.S. District Court for the Eastern District of Virginia', 'U.S. District Court for the Northern District of Florida', 'U.S. District Court for the Northern District of New York', 'U.S. District Court for the Southern District of New York', 'U.S. District Court for the Southern District of Texas', 'U.S. District Court for the Western District of Virginia']","['Recognized in The Best Lawyers in America (2021 - 2024)', 'Chambers USA, Labor & Employment (2004 – 2023)', 'Listed in Lawdragon’s 500 Leading U.S. Corporate Employment Lawyers (2021, 2022, 2024)', 'ALM’s Legal Leaders: Washington D.C. & Baltimore’s Top Rated Lawyers (2015)', 'Martindale-Hubbell AV Preeminent', 'Rising Star, Virginia Super Lawyers\xa0(2007)', 'Top Management Employment Lawyer, Washingtonian Magazine (2007, 2009)', 'Top Washington Lawyer, Washington Business Journal (2007)', 'Virginia Super Lawyers (2010 - 2017)']","['American Bar Association', 'Maryland Bar Association', 'New York Bar Association', 'Virginia Bar Association', 'District of Columbia Bar']"
10,Christopher Conti,"Christopher Conti is a Partner in the San Diego office of Fisher Phillips. Chris dedicates his practice to providing businesses with sophisticated legal solutions in all aspects of labor and employment law. Throughout his career, Chris has vigorously defended unionized and non-unionized employers in a variety of matters, such as wrongful termination, sexual harassment, discrimination, and retaliation lawsuits, class and representative wage and hour matters, and complex business cases. Chris is also well-versed in handling traditional labor disputes, labor arbitrations, union organizing, and unfair labor practice charges before the National Labor Relations Board. In addition to his litigation practice, Chris routinely provides practical advice and counseling on day-to-day employment issues. His experience crosses various industry verticals, including construction, retail, fast-food, energy, manufacturing, automotive, hospitality, and cannabis.   During his career, Chris has litigated two civil trials where he obtained defense verdicts for his clients. He has also tried multiple labor arbitrations in matters concerning employee discipline, contract disputes, and bargaining unit composition. Before joining Fisher Phillips, Chris worked for a national full-service firm and a mid-sized labor and employment firm where he gained experience in trials, labor arbitrations, and union-management relations.","['Class and Collective Actions', 'Employee Leaves and Accommodations', 'Employment Discrimination and Harassment', 'Labor Relations']",['Automotive Dealership'],"['J.D., 1990, Fordham University School of Law', 'B.S., 1987, Cornell University School of Industrial and Labor Relations']","['District of Columbia', 'Maryland', 'New York', 'Virginia']","['U.S. Court of Appeals for the First Circuit', 'U.S. Court of Appeals for the Fourth Circuit', 'U.S. District Court for the District of Columbia', 'U.S. District Court for the District of Maryland', 'U.S. District Court for the Eastern District of Michigan', 'U.S. District Court for the Eastern District of New York', 'U.S. District Court for the Eastern District of Virginia', 'U.S. District Court for the Northern District of Florida', 'U.S. District Court for the Northern District of New York', 'U.S. District Court for the Southern District of New York', 'U.S. District Court for the Southern District of Texas', 'U.S. District Court for the Western District of Virginia']","['Obtained a complete defense verdict on behalf of a national fleet management company in a 5-day jury trial regarding claims of racial discrimination, harassment, battery, and constructive discharge.', 'Defended multiple fast-food franchises in complex wage and hour class and representative PAGA claims through resolution.', 'Obtained summary adjudication on behalf of an international energy client regarding religious discrimination, accommodation, retaliation, and wage and hour claims.', 'Defended multiple cannabis clients in complex wage and hour cases, individual employment disputes, and traditional labor issues. Frequently counsel cannabis businesses on compliance with the Medical and Adult-Use Cannabis Regulation and Safety Act, including Labor Peace Agreement compliance and negotiation.', 'Possesses substantial experience with union representation cases and organizing campaigns. Negotiated election agreement and assisted in a successful employer campaign at a national grocery chain.', 'Secured multiple victories in labor arbitrations concerning discipline and discharge of public and private employees.', 'Secured victories in arbitration involving a challenge to the unilateral modification of healthcare benefits offered by a national manufacturing client and a petition to severe/modify a county-wide collective bargaining unit.', 'Effectively served as lead counsel for a large public employer in the City of San Bernardino Chapter 9 Bankruptcy proceeding.']","['J.D., 2010, University of San Diego School of Law', 'B.A., 2004, Gettysburg College', 'California', 'U.S. Court of Appeals for the Ninth Circuit', 'U.S. District Court for the Central District of California', 'U.S. District Court for the Southern District of California']"
11,Collin D. Cook,"Collin Cook is a partner in the firm’s San Francisco and Irvine offices and co-chair of the Construction Industry Group.  Collin’s practice focuses on employment litigation, including the defense of discrimination, retaliation, harassment and wrongful termination actions. He also routinely represents employers in wage and hour class and representative actions and litigates restrictive covenant and trade secret disputes.  Collin has broad experience in prevailing wage and workplace safety matters. In addition, he regularly partners with human resource professionals, corporate counsel and business owners to solve challenging employment issues that arise in the workplace. Prior to joining Fisher Phillips, Collin worked in the Office of the General Counsel of Volkswagen of America and the Legal Department of Hyundai Motor America.  While in law school, he served as a Judicial Extern to Associate Justice Daniel A. Curry at the California Court of Appeal, Second Appellate District, and studied international law in Germany.","['Class and Collective Actions', 'Counseling and Advice', 'Employee Defection and Trade Secrets', 'Employment Discrimination and Harassment', 'Litigation and Trials', 'Wage and Hour', 'Workplace Safety and Catastrophe Management', 'Affirmative Action and Federal Contract Compliance', 'FCRA and Background Screening']","['Automotive Dealership', 'Aviation', 'Construction', 'Retail', 'Supply Chain', 'Transportation and Supply Chain']","['J.D., 2007, Loyola Marymount University, Loyola Law School', 'B.A., 2004, University of California, Los Angeles']",['California'],"['California Supreme Court', 'U.S. Court of Appeals for the Ninth Circuit', 'U.S. District Court for the Central District of California', 'U.S. District Court for the Eastern District of California', 'U.S. District Court for the Northern District of California', 'U.S. District Court for the Southern District of California']","['Southern California Super Lawyers - ""Rising Stars"" (2016)', 'Southern California Super Lawyers - ""Rising Stars"" (2017)']","['Member, Employment Law Section, Contra Costa County Bar Association', 'Member, Labor and Employment Section, Orange County Bar Association', 'Member, Labor and Employment Section, The Bar Association of San Francisco', 'Legal Advisory Committee, Associated General Contractors of California', '\nLabor and Employment Law Council, Associated General Contractors of America\n', 'Collin provides pro bono legal counsel to the Downtown Streets Team, a non-profit organization committed to ending homelessness in the bay area.']"
12,Jessica T. Cook,"Jessica Cook is a partner in the Atlanta office and a member of the firm's Immigration Practice Group. Jessica's practice focuses on immigration and nationality law. Jessica has extensive experience representing and advising employers in all areas of business immigration, including temporary employment visas, labor certifications, permanent residency, and outbound visas. She advises employers regarding compliance with the Form I-9, including government audits of I-9 forms. She conducts I-9 and E-Verify compliance training, performs I-9 audits and frequently speaks on immigration topics. Jessica represents local, national and multi-national companies with regard to their immigration needs in such industries as higher education, health care, information technology, manufacturing, and other fields. Jessica is a member of the American Immigration Lawyers Association (AILA). She was selected for inclusion in The Legal 500 – Immigration in 2015. She was also selected to Daily Report's ""On the Rise"" Class of 2016.",['Immigration'],"['Automotive Dealership', 'Aviation', 'Construction', 'Retail', 'Supply Chain', 'Transportation and Supply Chain']","['J.D., 2007, Loyola Marymount University, Loyola Law School', 'B.A., 2004, University of California, Los Angeles']",['California'],"['California Supreme Court', 'U.S. Court of Appeals for the Ninth Circuit', 'U.S. District Court for the Central District of California', 'U.S. District Court for the Eastern District of California', 'U.S. District Court for the Northern District of California', 'U.S. District Court for the Southern District of California']","['Permanent residence cases for Aliens of Extraordinary Ability and Outstanding Researchers (including scientists,\xa0and internationally-recognized academics)\xa0and University and College faculty (special handling cases).', '0-1 non-immigrant visas\xa0for\xa0individuals\xa0who possesses extraordinary ability in the sciences, arts, education, business,\xa0or athletics.', 'Representation of employers in connection with U.S.\xa0governmental agency audits and investigations, including H-2B U.S. Department of Labor Wage and Hour Division audits/investigations and\xa0Form\xa0I-9\xa0compliance audits by U.S. Immigration and Customs Enforcement.']","['J.D., 2004, William and Mary School of Law', 'B.A., 2001, summa cum laude, Oakwood College', 'Georgia', 'Georgia Supreme Court', 'Virginia Supreme Court', 'U.S. District Court for the Western District of Virginia']"
13,Laurel K. Cornell,"Laurel Cornell is the managing partner of the firm's Louisville office and co-chair of the firm's Healthcare Industry Group. Her practice involves representing employers in litigation of employment disputes involving Title VII, the Family and Medical Leave Act (FMLA), retaliation, breach of contract, and wrongful termination claims.  She also has experience advising and representing employers in administrative actions. While in law school, Laurel was a member of the Kentucky Law Journal.  Laurel was listed in The Best Lawyers in America in 2019 - 2021. She has also been listed in Chambers USA, America's Leading Business Lawyers, and Kentucky Super Lawyers - Rising Stars since 2013.","['Counseling and Advice', 'Employment Discrimination and Harassment', 'Litigation and Trials']",['Healthcare'],"['J.D., 2007, University of Kentucky College of Law', 'B.A., 2003, summa cum laude, University of Kentucky']",['Kentucky'],"['U.S. Court of Appeals for the Sixth Circuit', 'U.S. District Court for the Eastern District of Kentucky', 'U.S. District Court for the Northern District of Indiana', 'U.S. District Court for the Southern District of Indiana', 'U.S. District Court for the Western District of Kentucky']","['Recommended as a leading practitioner for Workplace and Employment Counseling by\xa0The Legal 500 United States\xa0(2023)', 'Recognized in The Best Lawyers in America (2019 – 2024)', 'Chambers USA, Labor & Employment (2013 – 2023)', 'Listed in Kentucky Super Lawyers - Rising Stars since 2013']","[""Chair, Louisville Bar Association's Labor & Employment Section (2012)"", ""Vice Chair, Louisville Bar Association's Labor & Employment Section (2011)""]"
14,Brent A. Cossrow,"Brent Cossrow is a partner in the Philadelphia office, where his practice focuses on employment litigation and counseling and the use of computers, the Internet, smart phone applications, electronic mail and communications and other electronically stored information in the American workplace. Brent has litigated and obtained victories in cases involving employment contract claims, business torts, trade secret misappropriation, computer fraud and evidence destruction and manipulation. Brent is a member of the firm’s Employee Defection and Trade Secrets practice group and a founding member of the eDiscovery and Digital Workplace practice group. Also, he is the Chair Emeritus of Fisher Phillips’ eDiscovery Committee, in which capacity he managed the firm’s national eDiscovery attorneys and personnel. As a part of his nationwide practice, Brent has prosecuted and defended matters in which forensics and eDiscovery have helped clients to obtain positive results in a range of consequential employment cases across the firm’s practice groups. Brent is a frequent speaker and lecturer on legal issues that arise in the electronic workplace, and he has been a regular faculty member on this topic at the Pennsylvania Bar Institute’s Employment Law Institute. Brent is ""AV"" Peer Review Rated by Martindale-Hubbell.","['eDiscovery and Digital Workplace', 'Employee Defection and Trade Secrets', 'Litigation and Trials']",['Healthcare'],"['J.D., University of Pittsburgh School of Law', 'B.A., Middlebury College']","['New Jersey', 'Pennsylvania']","['U.S. Court of Appeals for the Fourth Circuit', 'U.S. District Court for the District of New Jersey', 'U.S. District Court for the Eastern District of Pennsylvania']","['Member, Defense Research Institute', 'Member, Pennsylvania Bar Association', 'Member, Philadelphia Bar Association', 'Chairman, The Reading Terminal Market Corporation (2022-present)', 'Vice Chairman, The Reading Terminal Market Corporation (2012-2022)', 'Director, The Reading Terminal Market Corporation (2009-present)', ""General Counsel, The Reading Terminal Market Merchants' Association (2007-2009)"", 'Director, The Germantown Cricket Club (2006-2010)']",['null']
15,Brian J. Coughlin,"Brian Coughlin has more than fifteen years of experience advising businesses on immigration issues including employment authorization, corporate policy drafting, employee training, and regulatory enforcement and compliance. He also counsels employers on immigration-related due diligence issues, helping to manage risk in connection with business combinations, restructuring, and startups. Brian assists clients in preparing employment-based and family-based immigrant petitions, U.S. lawful permanent residence processing, and all categories of nonimmigrant visas. Brian is committed to the use of innovative technology and business processes to streamline his practice and create solutions to challenging legal and case production issues. He represents clients across all industries, including engineering services, management and IT consulting, automotive, manufacturing, logistics and travel, biotech, communications technology, and media. Brian’s clients range from small, venture-backed start-ups to some of the world’s largest corporate employers. Brian joined Fisher Phillips after practicing immigration law at several prominent U.S. and global law firms. He is frequently invited to speak and publish on business immigration topics.","['Counseling and Advice', 'Immigration']","['Life Sciences', 'Transportation and Supply Chain', 'Supply Chain']","['J.D., 2005, Suffolk University Law School', 'B.A., 2001, Boston College']",['Massachusetts'],['U.S. District Court for the District of Massachusetts'],"['Massachusetts Super Lawyers “Rising Star” (2013-2016)', 'Recommended as a leading practitioner for Immigration Law by\xa0The Legal 500 United States\xa0(2023)']","['American Immigration Lawyers Association', 'Boston Bar Association, Co-Chair of the Immigration Steering Committee', 'Council for Global Immigration', 'MetroWest Chamber of Commerce, Board of Directors', 'USA 500 Clubs']"
16,Leanne Lane Coyle,"Leanne Coyle defends employers of various sizes in federal and state court litigation involving all major employment statutes, including cases involving allegations of discrimination, wage and hour disputes, and other issues arising under federal, state and local laws. Leanne’s experience includes representing clients in matters involving federal claims under the Family and Medical Leave Act (FMLA), Americans with Disabilities Act (ADA), the Fair Labor Standards Act (FLSA), Title VII of the Civil Rights Act of 1964, the Age Discrimination in Employment Act (ADEA), Occupational Safety and Health Act (OSHA), and the National Labor Relations Act (NLRA), as well as state law claims under the Pennsylvania Human Relations Act, New Jersey Law Against Discrimination, Pennsylvania Whistleblower Law, and the New Jersey Conscientious Employee Protection Act. Leanne also applies her litigation experience to help her advise employers on proactive compliance and preventive strategies. She also helps companies by conducting wage and hour and pay practices audits; creating employee manuals; and drafting executive severance agreements, among other services. Prior to joining Fisher Phillips, she served as an employment and labor litigation associate for an East Coast-based firm where she also focused primarily on workplace law matters. She has handled matters involving employment situations arising out of a wide range of industries, including healthcare, energy extraction services, municipalities, health information technology, and public transit.","['Employment Discrimination and Harassment', 'Litigation and Trials', 'Counseling and Advice']","['Life Sciences', 'Transportation and Supply Chain', 'Supply Chain']","['J.D., 2016, Temple University, Beasley School of Law', 'B.A., 2012, Pennsylvania State University']","['New Jersey', 'New York', 'Pennsylvania']","['U.S. District Court for the District of New Jersey', 'U.S. District Court for the Eastern District of Pennsylvania', 'U.S. District Court for the Middle District of Pennsylvania', 'U.S. District Court for the Western District of Pennsylvania']","['Super Lawyers Rising Star, Pennsylvania – Employment Litigation (2020-2023)']","['Philadelphia Bar Association, Women in the Profession and Labor & Employment Committees', 'American Bar Association, Labor & Employment Law Section', 'Committee Member, The Leukemia & Lymphoma Society', 'Volunteer, The Breathing Room Foundation']"
17,Andrew C. Crane,"Andrew Crane has spent his entire career focused solely on representing the interests of employers, including before state and federal courts, and state and federal agencies such as the California Department of Fair Employment and Housing (DFEH), the Equal Employment Opportunity Commission (EEOC), and the Department of Labor, Division of Labor Standards Enforcement (DLSE). Andrew has significant experience defending and counseling employers of all sizes on issues of California and federal employment law, such as wage and hour, employee classification, and federal and state harassment, discrimination, and retaliation matters.  Andrew frequently advises employers on issues they face on a day-to-day basis, such as employee discipline and terminations, harassment and discrimination issues, and state and federal wage and hour laws.  He also guides employers through complicated privacy and security matters, including pursuing employees who exit with confidential information and employer trade secrets to safeguard his clients’ most valuable information.  In addition to employment matters, Andrew also represents and advises companies regarding compliance with Title III of the Americans with Disabilities Act (ADA) and similar California statutes, such as the Unruh Act and California Disabled Persons Act, including compliance with website accessibility standards.  Andrew has experience representing companies at both the trial and appellate level on Title III issues, including before the 9th Circuit Court of Appeals.","['Consumer Privacy Team', 'Data Security and Workplace Privacy', 'Employee Defection and Trade Secrets', 'Employment Discrimination and Harassment', 'Litigation and Trials', 'Wage and Hour']","['Life Sciences', 'Transportation and Supply Chain', 'Supply Chain']","['J.D., 2012, University of Southern California, Gould School of Law', 'B.A., 2006, cum laude, Boston College']",['California'],"['U.S. Court of Appeals for the Ninth Circuit', 'U.S. District Court for the Central District of California', 'U.S. District Court for the Northern District of California', 'U.S. District Court for the Southern District of California']","['Recognized in The Best Lawyers in America, Ones to Watch (2022 - 2023)']",['null']
18,Myra K. Creighton,"Myra Creighton is a partner in the firm's Atlanta office. Her practice focuses on advising clients concerning their obligations to employees under the Americans with Disabilities Act (ADA) and the Family and Medical Leave Act (FMLA), ensuring their policies and procedures are consistent with both these laws and defending clients against employee claims alleging violations of the ADA and FMLA. She also counsels and defends clients concerning Title VII, the Age Discrimination in Employment Act (ADEA), and Genetic Information Nondiscrimination Act (GINA) issues that arise in the workplace. Myra routinely presents seminars, webinars, and training programs on ADA and FMLA topics such as Substance Abuse under the ADA, Managing the Medical Certification Process under the FMLA, Controlling Intermittent Leave under the FMLA, Reasonable Accommodation and the Interactive Process Under the ADA, and Medical Examinations and Inquiries under the ADA. Myra authored the chapter entitled ""Mental Disabilities Under the Americans with Disabilities Act"" in the treatise, Mental and Emotional Injuries in Employment Litigation, Second Edition, published by the Bureau of National Affairs in 2001, and the 2006 and 2008 Supplements to the chapter. She co-authored ""No Good Deed Goes Unpunished: Employee Assistance Programs As Sources of Liability,"" 24 Employee Relations Law Journal 79 (1998); and ""Mental Disabilities Under the Americans with Disabilities Act: A Management Rights Approach,"" 20 Employee Relations Law Journal 541 (1995), as well as multiple other articles on ADA topics. Prior to joining Fisher Phillips in 1993, Myra was a law clerk for Judge Duross Fitzpatrick of the U.S. District Court for the Middle District of Georgia. She is ""AV"" Peer Review Rated by Martindale-Hubbell.",['Employee Leaves and Accommodations'],"['Education', 'Financial Services', 'Healthcare', 'Higher Education', 'Hospitality', 'K-12 Institutions', 'Sports']","['J.D., 1991, cum laude, University of Georgia School of Law', 'B.A., 1985, cum laude, Vanderbilt University']",['Georgia'],"['U.S. Court of Appeals for the Ninth Circuit', 'U.S. District Court for the Central District of California', 'U.S. District Court for the Northern District of California', 'U.S. District Court for the Southern District of California']",['null'],['null']
19,Jeffrey M. Csercsevits,"Jeffrey M. Csercsevits is a Partner in the Philadelphia office, where he focuses his national practice on counseling and representing employers in a variety of employment-related issues, including trade secrets and restrictive covenant agreements.    Jeff has prosecuted and defended injunctive relief actions in state and federal courts throughout the United States.  These matters involve claims of trade secret misappropriation, as well as breaches of non-compete agreements, non-solicit agreements, and confidentiality agreements. In addition to injunctive relief litigation, Jeff has substantial experience in the financial services industry where he regularly handles employment disputes on behalf of national clients.  He has represented industry firms and financial advisors in over 100 FINRA arbitration actions.  Jeff has arbitration experience with employment agreements, transition and retention loans, sunset/retirement agreements, teaming agreements, unfair competition, wrongful termination, constructive discharge, compensation issues, and Form U-5 defamation. Jeff regularly counsels clients on employee recruitment and hiring.  In this capacity, he evaluates potential legal risks associated with hiring employees from the competition and offers strategic guidance for minimizing legal risk while still advancing business interests and promoting corporate growth.    Jeff also has extensive experience counseling clients on the loss of an employee to the competition and has handled hundreds of employee defections.  He has worked with clients to investigate breaches of post-employment obligations and to develop and implement enforcement strategies.    He has also investigated employees who are perceived flight risks and provides counsel on anticipatory strategies to minimize the impact of the expected resignation.  Jeff is also experienced with forensic investigations to assess an employee’s removal of trade secret information through electronic means in preparation for departure.    Upon completion of law school, Jeff served as a law clerk to Honorable Paul T. Koenig, Jr., the Honorable Paul Innes, and the Honorable Bill Mathesisus in the Superior Court of New Jersey. ","['Data Security and Workplace Privacy', 'Employee Defection and Trade Secrets', 'Litigation and Trials', 'Employment Discrimination and Harassment']",['Financial Services'],"['J.D., 1991, cum laude, University of Georgia School of Law', 'B.A., 1985, cum laude, Vanderbilt University']",['Georgia'],"['U.S. Court of Appeals for the Ninth Circuit', 'U.S. District Court for the Central District of California', 'U.S. District Court for the Northern District of California', 'U.S. District Court for the Southern District of California']","['Represented a team of employees and their new employer where their former employer’s seven figure damages claim, based on alleged violations of their non-solicitation agreements, was denied in its entirety.', 'Secured a permanent injunction against an employee who was using misappropriated trade secrets to solicit business away from our client.', 'Represented an employee where his former employer’s motion for a permanent injunction, based on alleged trade secret misappropriation and breach of restrictive covenants, was denied.', 'Represented an employer in obtaining a temporary restraining order against a former employee, based on the misappropriation of trade secrets, enabling our client to protect against the disclosure of its trade secrets to a competitor.', 'Obtained a temporary restraining order against a team of employees for breaching non-solicitation agreements, which protected our client’s continued relationships with its customers.', 'Represented a team of employees and their new employer where their former employer’s motion for a temporary restraining order and motion for a preliminary injunction, based on allegations of trade secret misappropriation and breaches of their employment agreements, were both denied.', 'Represented a team of employees and their new employer where their former employer’s motion for a preliminary injunction, based on alleged trade secret misappropriation and violations of their restrictive covenant agreements, was denied.', 'Represented a team of employees where their former employer’s motion for a temporary restraining order, based on claims of trade secret misappropriation and breaches of their non-solicitation agreements, was denied.\xa0', 'Obtained a $1.8 million arbitration award on behalf of an employer in a breach of contract action. Successfully defended against the former employee’s counterclaims, including breach of contract, constructive discharge, and defamation.', 'Obtained a $1.1 million arbitration award on behalf of an employer in a breach of contract action. Successfully defended against the former employee’s counterclaims, including fraudulent inducement, negligent misrepresentation, breach of contract, and defamation.', 'Obtained a $965,000 arbitration award on behalf of an employer in a breach of contract action. Successfully defended against the former employee’s counterclaims for wrongful termination, defamation, tortious interference, and violation of the Lanham Act.']","['LL.M., 2022, Temple University, Beasley School of Law', 'J.D., 2006, Syracuse University College of Law', 'B.S., 2003, Villanova University', 'Michigan', 'New Jersey', 'Pennsylvania', 'U.S. District Court for the District of New Jersey', 'U.S. District Court for the Eastern District of Michigan', 'U.S. District Court for the Eastern District of Pennsylvania', 'U.S. District Court for the Middle District of Pennsylvania', 'U.S. District Court for the Western District of Pennsylvania']"
